product_id,name,category,description,size,color,stock,price,image_url
PROD00001,Purple Classic Tee,T-Shirts,High-quality purple classic tee in size XS. Perfect for everyday wear.,XS,Purple,35,56.53,https://images.unsplash.com/photo-1500000000143?w=800&h=800&fit=crop
PROD00002,Purple Classic Tee,T-Shirts,High-quality purple classic tee in size XXL. Perfect for everyday wear.,XXL,Purple,69,26.52,https://images.unsplash.com/photo-1500000000433?w=800&h=800&fit=crop
PROD00003,White Classic Tee,T-Shirts,High-quality white classic tee in size XS. Perfect for everyday wear.,XS,White,27,54.21,https://images.unsplash.com/photo-1500000000617?w=800&h=800&fit=crop
PROD00004,Gray Classic Tee,T-Shirts,High-quality gray classic tee in size XL. Perfect for everyday wear.,XL,Gray,91,133.48,https://images.unsplash.com/photo-1500000000559?w=800&h=800&fit=crop
PROD00005,Brown Graphic Tee,T-Shirts,High-quality brown graphic tee in size S. Perfect for everyday wear.,S,Brown,75,62.86,https://images.unsplash.com/photo-1500000000891?w=800&h=800&fit=crop
PROD00006,Purple Classic Tee,T-Shirts,High-quality purple classic tee in size S. Perfect for everyday wear.,S,Purple,54,74.65,https://images.unsplash.com/photo-1500000000160?w=800&h=800&fit=crop
PROD00007,White V-Neck T-Shirt,T-Shirts,High-quality white v-neck t-shirt in size M. Perfect for everyday wear.,M,White,11,82.19,https://images.unsplash.com/photo-1500000000368?w=800&h=800&fit=crop
PROD00008,Red Polo Shirt,T-Shirts,High-quality red polo shirt in size XL. Perfect for everyday wear.,XL,Red,5,148.65,https://images.unsplash.com/photo-1500000000550?w=800&h=800&fit=crop
PROD00009,White Classic Tee,T-Shirts,High-quality white classic tee in size L. Perfect for everyday wear.,L,White,70,65.7,https://images.unsplash.com/photo-1500000000644?w=800&h=800&fit=crop
PROD00010,Pink Long Sleeve Tee,T-Shirts,High-quality pink long sleeve tee in size M. Perfect for everyday wear.,M,Pink,24,143.87,https://images.unsplash.com/photo-1500000000047?w=800&h=800&fit=crop
PROD00011,White V-Neck T-Shirt,T-Shirts,High-quality white v-neck t-shirt in size M. Perfect for everyday wear.,M,White,29,174.63,https://images.unsplash.com/photo-1500000000390?w=800&h=800&fit=crop
PROD00012,Yellow Polo Shirt,T-Shirts,High-quality yellow polo shirt in size L. Perfect for everyday wear.,L,Yellow,46,40.9,https://images.unsplash.com/photo-1500000000364?w=800&h=800&fit=crop
PROD00013,Red V-Neck T-Shirt,T-Shirts,High-quality red v-neck t-shirt in size XXL. Perfect for everyday wear.,XXL,Red,89,187.96,https://images.unsplash.com/photo-1500000000664?w=800&h=800&fit=crop
PROD00014,Yellow Classic Tee,T-Shirts,High-quality yellow classic tee in size XL. Perfect for everyday wear.,XL,Yellow,21,111.49,https://images.unsplash.com/photo-1500000000251?w=800&h=800&fit=crop
PROD00015,Green V-Neck T-Shirt,T-Shirts,High-quality green v-neck t-shirt in size L. Perfect for everyday wear.,L,Green,34,198.01,https://images.unsplash.com/photo-1500000000656?w=800&h=800&fit=crop
PROD00016,Yellow Long Sleeve Tee,T-Shirts,High-quality yellow long sleeve tee in size S. Perfect for everyday wear.,S,Yellow,41,170.14,https://images.unsplash.com/photo-1500000000795?w=800&h=800&fit=crop
PROD00017,Khaki Classic Tee,T-Shirts,High-quality khaki classic tee in size S. Perfect for everyday wear.,S,Khaki,4,162.96,https://images.unsplash.com/photo-1500000000411?w=800&h=800&fit=crop
PROD00018,Gray Polo Shirt,T-Shirts,High-quality gray polo shirt in size XS. Perfect for everyday wear.,XS,Gray,72,176.51,https://images.unsplash.com/photo-1500000000323?w=800&h=800&fit=crop
PROD00019,Brown V-Neck T-Shirt,T-Shirts,High-quality brown v-neck t-shirt in size XXL. Perfect for everyday wear.,XXL,Brown,50,178.09,https://images.unsplash.com/photo-1500000000659?w=800&h=800&fit=crop
PROD00020,Red Graphic Tee,T-Shirts,High-quality red graphic tee in size S. Perfect for everyday wear.,S,Red,17,56.86,https://images.unsplash.com/photo-1500000000575?w=800&h=800&fit=crop
PROD00021,Purple Long Sleeve Tee,T-Shirts,High-quality purple long sleeve tee in size M. Perfect for everyday wear.,M,Purple,74,91.4,https://images.unsplash.com/photo-1500000000598?w=800&h=800&fit=crop
PROD00022,Gray Graphic Tee,T-Shirts,High-quality gray graphic tee in size M. Perfect for everyday wear.,M,Gray,17,106.81,https://images.unsplash.com/photo-1500000000094?w=800&h=800&fit=crop
PROD00023,Navy Classic Tee,T-Shirts,High-quality navy classic tee in size XS. Perfect for everyday wear.,XS,Navy,80,40.4,https://images.unsplash.com/photo-1500000000697?w=800&h=800&fit=crop
PROD00024,White Graphic Tee,T-Shirts,High-quality white graphic tee in size XL. Perfect for everyday wear.,XL,White,49,82.51,https://images.unsplash.com/photo-1500000000480?w=800&h=800&fit=crop
PROD00025,Beige Long Sleeve Tee,T-Shirts,High-quality beige long sleeve tee in size M. Perfect for everyday wear.,M,Beige,1,139.25,https://images.unsplash.com/photo-1500000000118?w=800&h=800&fit=crop
PROD00026,Orange Relaxed Fit,Jeans,High-quality orange relaxed fit in size M. Perfect for everyday wear.,M,Orange,82,74.63,https://images.unsplash.com/photo-1500000000301?w=800&h=800&fit=crop
PROD00027,Brown Bootcut Jeans,Jeans,High-quality brown bootcut jeans in size S. Perfect for everyday wear.,S,Brown,0,191.23,https://images.unsplash.com/photo-1500000000897?w=800&h=800&fit=crop
PROD00028,Orange Skinny Jeans,Jeans,High-quality orange skinny jeans in size XL. Perfect for everyday wear.,XL,Orange,22,106.46,https://images.unsplash.com/photo-1500000000109?w=800&h=800&fit=crop
PROD00029,Beige Skinny Jeans,Jeans,High-quality beige skinny jeans in size XXL. Perfect for everyday wear.,XXL,Beige,77,47.79,https://images.unsplash.com/photo-1500000000383?w=800&h=800&fit=crop
PROD00030,Orange Straight Leg Jeans,Jeans,High-quality orange straight leg jeans in size XL. Perfect for everyday wear.,XL,Orange,67,184.51,https://images.unsplash.com/photo-1500000000614?w=800&h=800&fit=crop
PROD00031,Black Skinny Jeans,Jeans,High-quality black skinny jeans in size L. Perfect for everyday wear.,L,Black,14,186.53,https://images.unsplash.com/photo-1500000000900?w=800&h=800&fit=crop
PROD00032,Black Skinny Jeans,Jeans,High-quality black skinny jeans in size S. Perfect for everyday wear.,S,Black,30,176.82,https://images.unsplash.com/photo-1500000000970?w=800&h=800&fit=crop
PROD00033,Purple Slim Fit Jeans,Jeans,High-quality purple slim fit jeans in size XS. Perfect for everyday wear.,XS,Purple,62,165.04,https://images.unsplash.com/photo-1500000000779?w=800&h=800&fit=crop
PROD00034,Navy Relaxed Fit,Jeans,High-quality navy relaxed fit in size S. Perfect for everyday wear.,S,Navy,84,100.3,https://images.unsplash.com/photo-1500000000563?w=800&h=800&fit=crop
PROD00035,Beige Straight Leg Jeans,Jeans,High-quality beige straight leg jeans in size M. Perfect for everyday wear.,M,Beige,77,90.4,https://images.unsplash.com/photo-1500000000217?w=800&h=800&fit=crop
PROD00036,Purple Relaxed Fit,Jeans,High-quality purple relaxed fit in size XXL. Perfect for everyday wear.,XXL,Purple,25,145.46,https://images.unsplash.com/photo-1500000000409?w=800&h=800&fit=crop
PROD00037,Maroon Skinny Jeans,Jeans,High-quality maroon skinny jeans in size L. Perfect for everyday wear.,L,Maroon,66,95.78,https://images.unsplash.com/photo-1500000000254?w=800&h=800&fit=crop
PROD00038,Blue Straight Leg Jeans,Jeans,High-quality blue straight leg jeans in size XS. Perfect for everyday wear.,XS,Blue,2,121.78,https://images.unsplash.com/photo-1500000000236?w=800&h=800&fit=crop
PROD00039,Black Relaxed Fit,Jeans,High-quality black relaxed fit in size S. Perfect for everyday wear.,S,Black,9,144.49,https://images.unsplash.com/photo-1500000000061?w=800&h=800&fit=crop
PROD00040,Maroon Straight Leg Jeans,Jeans,High-quality maroon straight leg jeans in size XS. Perfect for everyday wear.,XS,Maroon,4,173.33,https://images.unsplash.com/photo-1500000000073?w=800&h=800&fit=crop
PROD00041,Red Relaxed Fit,Jeans,High-quality red relaxed fit in size S. Perfect for everyday wear.,S,Red,85,102.23,https://images.unsplash.com/photo-1500000000553?w=800&h=800&fit=crop
PROD00042,Maroon Straight Leg Jeans,Jeans,High-quality maroon straight leg jeans in size XXL. Perfect for everyday wear.,XXL,Maroon,73,119.48,https://images.unsplash.com/photo-1500000000249?w=800&h=800&fit=crop
PROD00043,Gray Bootcut Jeans,Jeans,High-quality gray bootcut jeans in size L. Perfect for everyday wear.,L,Gray,12,28.42,https://images.unsplash.com/photo-1500000000442?w=800&h=800&fit=crop
PROD00044,Green Skinny Jeans,Jeans,High-quality green skinny jeans in size L. Perfect for everyday wear.,L,Green,59,174.13,https://images.unsplash.com/photo-1500000000056?w=800&h=800&fit=crop
PROD00045,Green Slim Fit Jeans,Jeans,High-quality green slim fit jeans in size XS. Perfect for everyday wear.,XS,Green,93,74.47,https://images.unsplash.com/photo-1500000000883?w=800&h=800&fit=crop
PROD00046,Gray Slim Fit Jeans,Jeans,High-quality gray slim fit jeans in size S. Perfect for everyday wear.,S,Gray,24,111.89,https://images.unsplash.com/photo-1500000000144?w=800&h=800&fit=crop
PROD00047,Red Bootcut Jeans,Jeans,High-quality red bootcut jeans in size S. Perfect for everyday wear.,S,Red,59,57.46,https://images.unsplash.com/photo-1500000000946?w=800&h=800&fit=crop
PROD00048,Orange Slim Fit Jeans,Jeans,High-quality orange slim fit jeans in size L. Perfect for everyday wear.,L,Orange,70,28.6,https://images.unsplash.com/photo-1500000000668?w=800&h=800&fit=crop
PROD00049,White Relaxed Fit,Jeans,High-quality white relaxed fit in size XS. Perfect for everyday wear.,XS,White,96,171.25,https://images.unsplash.com/photo-1500000000171?w=800&h=800&fit=crop
PROD00050,Brown Bootcut Jeans,Jeans,High-quality brown bootcut jeans in size L. Perfect for everyday wear.,L,Brown,27,174.28,https://images.unsplash.com/photo-1500000000925?w=800&h=800&fit=crop
PROD00051,Black Maxi Dress,Dresses,High-quality black maxi dress in size L. Perfect for everyday wear.,L,Black,49,60.39,https://images.unsplash.com/photo-1500000000803?w=800&h=800&fit=crop
PROD00052,Green Formal Dress,Dresses,High-quality green formal dress in size M. Perfect for everyday wear.,M,Green,89,191.89,https://images.unsplash.com/photo-1500000000803?w=800&h=800&fit=crop
PROD00053,Purple Midi Dress,Dresses,High-quality purple midi dress in size XXL. Perfect for everyday wear.,XXL,Purple,62,39.41,https://images.unsplash.com/photo-1500000000304?w=800&h=800&fit=crop
PROD00054,Pink Maxi Dress,Dresses,High-quality pink maxi dress in size XS. Perfect for everyday wear.,XS,Pink,94,113.02,https://images.unsplash.com/photo-1500000000766?w=800&h=800&fit=crop
PROD00055,Black Casual Dress,Dresses,High-quality black casual dress in size XS. Perfect for everyday wear.,XS,Black,74,100.59,https://images.unsplash.com/photo-1500000000942?w=800&h=800&fit=crop
PROD00056,Black Midi Dress,Dresses,High-quality black midi dress in size S. Perfect for everyday wear.,S,Black,65,25.22,https://images.unsplash.com/photo-1500000000191?w=800&h=800&fit=crop
PROD00057,White Summer Dress,Dresses,High-quality white summer dress in size XL. Perfect for everyday wear.,XL,White,86,173.75,https://images.unsplash.com/photo-1500000000414?w=800&h=800&fit=crop
PROD00058,Gray Summer Dress,Dresses,High-quality gray summer dress in size XL. Perfect for everyday wear.,XL,Gray,74,122.96,https://images.unsplash.com/photo-1500000000635?w=800&h=800&fit=crop
PROD00059,Yellow Summer Dress,Dresses,High-quality yellow summer dress in size L. Perfect for everyday wear.,L,Yellow,74,117.39,https://images.unsplash.com/photo-1500000000324?w=800&h=800&fit=crop
PROD00060,Yellow Casual Dress,Dresses,High-quality yellow casual dress in size S. Perfect for everyday wear.,S,Yellow,91,69.69,https://images.unsplash.com/photo-1500000000272?w=800&h=800&fit=crop
PROD00061,Yellow Formal Dress,Dresses,High-quality yellow formal dress in size S. Perfect for everyday wear.,S,Yellow,82,67.0,https://images.unsplash.com/photo-1500000000324?w=800&h=800&fit=crop
PROD00062,Brown Summer Dress,Dresses,High-quality brown summer dress in size XS. Perfect for everyday wear.,XS,Brown,79,199.71,https://images.unsplash.com/photo-1500000000103?w=800&h=800&fit=crop
PROD00063,Gray Summer Dress,Dresses,High-quality gray summer dress in size XL. Perfect for everyday wear.,XL,Gray,64,60.39,https://images.unsplash.com/photo-1500000000956?w=800&h=800&fit=crop
PROD00064,Maroon Casual Dress,Dresses,High-quality maroon casual dress in size XS. Perfect for everyday wear.,XS,Maroon,31,80.21,https://images.unsplash.com/photo-1500000000162?w=800&h=800&fit=crop
PROD00065,Purple Formal Dress,Dresses,High-quality purple formal dress in size XL. Perfect for everyday wear.,XL,Purple,38,126.22,https://images.unsplash.com/photo-1500000000827?w=800&h=800&fit=crop
PROD00066,Yellow Midi Dress,Dresses,High-quality yellow midi dress in size XS. Perfect for everyday wear.,XS,Yellow,70,66.88,https://images.unsplash.com/photo-1500000000680?w=800&h=800&fit=crop
PROD00067,Red Summer Dress,Dresses,High-quality red summer dress in size S. Perfect for everyday wear.,S,Red,14,179.05,https://images.unsplash.com/photo-1500000000761?w=800&h=800&fit=crop
PROD00068,Red Midi Dress,Dresses,High-quality red midi dress in size S. Perfect for everyday wear.,S,Red,36,124.92,https://images.unsplash.com/photo-1500000000735?w=800&h=800&fit=crop
PROD00069,Yellow Casual Dress,Dresses,High-quality yellow casual dress in size S. Perfect for everyday wear.,S,Yellow,81,172.05,https://images.unsplash.com/photo-1500000000518?w=800&h=800&fit=crop
PROD00070,Maroon Formal Dress,Dresses,High-quality maroon formal dress in size M. Perfect for everyday wear.,M,Maroon,6,27.54,https://images.unsplash.com/photo-1500000000434?w=800&h=800&fit=crop
PROD00071,Blue Denim Jacket,Jackets,High-quality blue denim jacket in size XS. Perfect for everyday wear.,XS,Blue,98,34.86,https://images.unsplash.com/photo-1500000000269?w=800&h=800&fit=crop
PROD00072,Brown Leather Jacket,Jackets,High-quality brown leather jacket in size XXL. Perfect for everyday wear.,XXL,Brown,70,144.08,https://images.unsplash.com/photo-1500000000575?w=800&h=800&fit=crop
PROD00073,White Denim Jacket,Jackets,High-quality white denim jacket in size XS. Perfect for everyday wear.,XS,White,88,181.75,https://images.unsplash.com/photo-1500000000559?w=800&h=800&fit=crop
PROD00074,Pink Denim Jacket,Jackets,High-quality pink denim jacket in size M. Perfect for everyday wear.,M,Pink,70,38.14,https://images.unsplash.com/photo-1500000000131?w=800&h=800&fit=crop
PROD00075,Blue Denim Jacket,Jackets,High-quality blue denim jacket in size M. Perfect for everyday wear.,M,Blue,5,180.8,https://images.unsplash.com/photo-1500000000216?w=800&h=800&fit=crop
PROD00076,White Leather Jacket,Jackets,High-quality white leather jacket in size XXL. Perfect for everyday wear.,XXL,White,45,158.22,https://images.unsplash.com/photo-1500000000906?w=800&h=800&fit=crop
PROD00077,Purple Windbreaker,Jackets,High-quality purple windbreaker in size XL. Perfect for everyday wear.,XL,Purple,19,185.9,https://images.unsplash.com/photo-1500000000243?w=800&h=800&fit=crop
PROD00078,Maroon Leather Jacket,Jackets,High-quality maroon leather jacket in size S. Perfect for everyday wear.,S,Maroon,52,14.71,https://images.unsplash.com/photo-1500000000755?w=800&h=800&fit=crop
PROD00079,Orange Bomber Jacket,Jackets,High-quality orange bomber jacket in size L. Perfect for everyday wear.,L,Orange,85,174.17,https://images.unsplash.com/photo-1500000000831?w=800&h=800&fit=crop
PROD00080,Navy Leather Jacket,Jackets,High-quality navy leather jacket in size M. Perfect for everyday wear.,M,Navy,100,143.24,https://images.unsplash.com/photo-1500000000392?w=800&h=800&fit=crop
PROD00081,Gray Denim Jacket,Jackets,High-quality gray denim jacket in size L. Perfect for everyday wear.,L,Gray,25,165.15,https://images.unsplash.com/photo-1500000000472?w=800&h=800&fit=crop
PROD00082,Khaki Bomber Jacket,Jackets,High-quality khaki bomber jacket in size M. Perfect for everyday wear.,M,Khaki,29,52.36,https://images.unsplash.com/photo-1500000000676?w=800&h=800&fit=crop
PROD00083,Blue Leather Jacket,Jackets,High-quality blue leather jacket in size L. Perfect for everyday wear.,L,Blue,35,174.23,https://images.unsplash.com/photo-1500000000991?w=800&h=800&fit=crop
PROD00084,Yellow Bomber Jacket,Jackets,High-quality yellow bomber jacket in size M. Perfect for everyday wear.,M,Yellow,65,85.94,https://images.unsplash.com/photo-1500000000864?w=800&h=800&fit=crop
PROD00085,Black Blazer,Jackets,High-quality black blazer in size M. Perfect for everyday wear.,M,Black,14,176.64,https://images.unsplash.com/photo-1500000000268?w=800&h=800&fit=crop
PROD00086,Red Leather Jacket,Jackets,High-quality red leather jacket in size XL. Perfect for everyday wear.,XL,Red,4,30.6,https://images.unsplash.com/photo-1500000000445?w=800&h=800&fit=crop
PROD00087,Orange Bomber Jacket,Jackets,High-quality orange bomber jacket in size XXL. Perfect for everyday wear.,XXL,Orange,40,92.91,https://images.unsplash.com/photo-1500000000524?w=800&h=800&fit=crop
PROD00088,Maroon Denim Jacket,Jackets,High-quality maroon denim jacket in size L. Perfect for everyday wear.,L,Maroon,73,46.11,https://images.unsplash.com/photo-1500000000046?w=800&h=800&fit=crop
PROD00089,Beige Windbreaker,Jackets,High-quality beige windbreaker in size XS. Perfect for everyday wear.,XS,Beige,68,140.5,https://images.unsplash.com/photo-1500000000963?w=800&h=800&fit=crop
PROD00090,Green Leather Jacket,Jackets,High-quality green leather jacket in size M. Perfect for everyday wear.,M,Green,8,190.29,https://images.unsplash.com/photo-1500000000943?w=800&h=800&fit=crop
PROD00091,Blue Bomber Jacket,Jackets,High-quality blue bomber jacket in size XL. Perfect for everyday wear.,XL,Blue,84,171.12,https://images.unsplash.com/photo-1500000000738?w=800&h=800&fit=crop
PROD00092,Red Bomber Jacket,Jackets,High-quality red bomber jacket in size XL. Perfect for everyday wear.,XL,Red,85,87.59,https://images.unsplash.com/photo-1500000000413?w=800&h=800&fit=crop
PROD00093,Navy Loafers,Shoes,High-quality navy loafers in size XL. Perfect for everyday wear.,XL,Navy,24,89.88,https://images.unsplash.com/photo-1500000000963?w=800&h=800&fit=crop
PROD00094,Purple Sandals,Shoes,High-quality purple sandals in size XXL. Perfect for everyday wear.,XXL,Purple,22,126.95,https://images.unsplash.com/photo-1500000000309?w=800&h=800&fit=crop
PROD00095,Khaki Sandals,Shoes,High-quality khaki sandals in size XL. Perfect for everyday wear.,XL,Khaki,0,67.74,https://images.unsplash.com/photo-1500000000216?w=800&h=800&fit=crop
PROD00096,Pink Sandals,Shoes,High-quality pink sandals in size XL. Perfect for everyday wear.,XL,Pink,83,71.23,https://images.unsplash.com/photo-1500000000453?w=800&h=800&fit=crop
PROD00097,Gray Sandals,Shoes,High-quality gray sandals in size XXL. Perfect for everyday wear.,XXL,Gray,65,99.91,https://images.unsplash.com/photo-1500000000923?w=800&h=800&fit=crop
PROD00098,White Boots,Shoes,High-quality white boots in size XXL. Perfect for everyday wear.,XXL,White,36,107.94,https://images.unsplash.com/photo-1500000000649?w=800&h=800&fit=crop
PROD00099,White Heels,Shoes,High-quality white heels in size M. Perfect for everyday wear.,M,White,96,54.63,https://images.unsplash.com/photo-1500000000318?w=800&h=800&fit=crop
PROD00100,Navy Boots,Shoes,High-quality navy boots in size S. Perfect for everyday wear.,S,Navy,3,18.78,https://images.unsplash.com/photo-1500000000487?w=800&h=800&fit=crop
PROD00101,Brown Heels,Shoes,High-quality brown heels in size XS. Perfect for everyday wear.,XS,Brown,53,178.37,https://images.unsplash.com/photo-1500000000590?w=800&h=800&fit=crop
PROD00102,Purple Boots,Shoes,High-quality purple boots in size XXL. Perfect for everyday wear.,XXL,Purple,49,103.93,https://images.unsplash.com/photo-1500000000250?w=800&h=800&fit=crop
PROD00103,Purple Boots,Shoes,High-quality purple boots in size XXL. Perfect for everyday wear.,XXL,Purple,0,179.61,https://images.unsplash.com/photo-1500000000882?w=800&h=800&fit=crop
PROD00104,Gray Sneakers,Shoes,High-quality gray sneakers in size L. Perfect for everyday wear.,L,Gray,22,162.78,https://images.unsplash.com/photo-1500000000713?w=800&h=800&fit=crop
PROD00105,Black Heels,Shoes,High-quality black heels in size L. Perfect for everyday wear.,L,Black,71,57.35,https://images.unsplash.com/photo-1500000000869?w=800&h=800&fit=crop
PROD00106,Navy Sneakers,Shoes,High-quality navy sneakers in size L. Perfect for everyday wear.,L,Navy,59,136.84,https://images.unsplash.com/photo-1500000000573?w=800&h=800&fit=crop
PROD00107,Orange Heels,Shoes,High-quality orange heels in size M. Perfect for everyday wear.,M,Orange,56,126.4,https://images.unsplash.com/photo-1500000000737?w=800&h=800&fit=crop
PROD00108,Khaki Heels,Shoes,High-quality khaki heels in size L. Perfect for everyday wear.,L,Khaki,70,94.72,https://images.unsplash.com/photo-1500000000163?w=800&h=800&fit=crop
PROD00109,Red Sandals,Shoes,High-quality red sandals in size L. Perfect for everyday wear.,L,Red,96,56.98,https://images.unsplash.com/photo-1500000000653?w=800&h=800&fit=crop
PROD00110,Brown Loafers,Shoes,High-quality brown loafers in size XL. Perfect for everyday wear.,XL,Brown,80,55.46,https://images.unsplash.com/photo-1500000000451?w=800&h=800&fit=crop
PROD00111,Red Sneakers,Shoes,High-quality red sneakers in size XXL. Perfect for everyday wear.,XXL,Red,30,61.63,https://images.unsplash.com/photo-1500000000328?w=800&h=800&fit=crop
PROD00112,Navy Heels,Shoes,High-quality navy heels in size XS. Perfect for everyday wear.,XS,Navy,19,53.94,https://images.unsplash.com/photo-1500000000711?w=800&h=800&fit=crop
PROD00113,Gray Boots,Shoes,High-quality gray boots in size XXL. Perfect for everyday wear.,XXL,Gray,8,88.82,https://images.unsplash.com/photo-1500000000339?w=800&h=800&fit=crop
PROD00114,Green Heels,Shoes,High-quality green heels in size L. Perfect for everyday wear.,L,Green,7,49.3,https://images.unsplash.com/photo-1500000000431?w=800&h=800&fit=crop
PROD00115,Purple Sandals,Shoes,High-quality purple sandals in size XL. Perfect for everyday wear.,XL,Purple,2,172.78,https://images.unsplash.com/photo-1500000000784?w=800&h=800&fit=crop
PROD00116,Brown Heels,Shoes,High-quality brown heels in size L. Perfect for everyday wear.,L,Brown,0,189.12,https://images.unsplash.com/photo-1500000000306?w=800&h=800&fit=crop
PROD00117,Beige Sandals,Shoes,High-quality beige sandals in size L. Perfect for everyday wear.,L,Beige,95,149.58,https://images.unsplash.com/photo-1500000000820?w=800&h=800&fit=crop
PROD00118,Gray Hat,Accessories,High-quality gray hat in size L. Perfect for everyday wear.,L,Gray,34,92.81,https://images.unsplash.com/photo-1500000000030?w=800&h=800&fit=crop
PROD00119,Yellow Watch,Accessories,High-quality yellow watch in size M. Perfect for everyday wear.,M,Yellow,86,161.65,https://images.unsplash.com/photo-1500000000742?w=800&h=800&fit=crop
PROD00120,Maroon Hat,Accessories,High-quality maroon hat in size L. Perfect for everyday wear.,L,Maroon,16,196.34,https://images.unsplash.com/photo-1500000000547?w=800&h=800&fit=crop
PROD00121,Pink Belt,Accessories,High-quality pink belt in size L. Perfect for everyday wear.,L,Pink,72,135.97,https://images.unsplash.com/photo-1500000000086?w=800&h=800&fit=crop
PROD00122,Khaki Watch,Accessories,High-quality khaki watch in size S. Perfect for everyday wear.,S,Khaki,59,44.53,https://images.unsplash.com/photo-1500000000267?w=800&h=800&fit=crop
PROD00123,Gray Watch,Accessories,High-quality gray watch in size M. Perfect for everyday wear.,M,Gray,58,72.1,https://images.unsplash.com/photo-1500000000780?w=800&h=800&fit=crop
PROD00124,Orange Watch,Accessories,High-quality orange watch in size M. Perfect for everyday wear.,M,Orange,53,57.93,https://images.unsplash.com/photo-1500000000084?w=800&h=800&fit=crop
PROD00125,Purple Watch,Accessories,High-quality purple watch in size XS. Perfect for everyday wear.,XS,Purple,69,19.9,https://images.unsplash.com/photo-1500000000975?w=800&h=800&fit=crop
PROD00126,Yellow Scarf,Accessories,High-quality yellow scarf in size S. Perfect for everyday wear.,S,Yellow,8,158.43,https://images.unsplash.com/photo-1500000000668?w=800&h=800&fit=crop
PROD00127,Gray Belt,Accessories,High-quality gray belt in size XS. Perfect for everyday wear.,XS,Gray,25,169.45,https://images.unsplash.com/photo-1500000000637?w=800&h=800&fit=crop
PROD00128,Navy Hat,Accessories,High-quality navy hat in size S. Perfect for everyday wear.,S,Navy,60,137.2,https://images.unsplash.com/photo-1500000000578?w=800&h=800&fit=crop
PROD00129,Purple Hat,Accessories,High-quality purple hat in size L. Perfect for everyday wear.,L,Purple,32,155.71,https://images.unsplash.com/photo-1500000000172?w=800&h=800&fit=crop
PROD00130,Purple Sunglasses,Accessories,High-quality purple sunglasses in size XL. Perfect for everyday wear.,XL,Purple,91,31.76,https://images.unsplash.com/photo-1500000000839?w=800&h=800&fit=crop
PROD00131,White Hat,Accessories,High-quality white hat in size M. Perfect for everyday wear.,M,White,74,14.88,https://images.unsplash.com/photo-1500000000320?w=800&h=800&fit=crop
PROD00132,Maroon Sunglasses,Accessories,High-quality maroon sunglasses in size XXL. Perfect for everyday wear.,XXL,Maroon,48,85.36,https://images.unsplash.com/photo-1500000000733?w=800&h=800&fit=crop
PROD00133,Pink Hat,Accessories,High-quality pink hat in size XS. Perfect for everyday wear.,XS,Pink,88,167.81,https://images.unsplash.com/photo-1500000000249?w=800&h=800&fit=crop
PROD00134,Orange Belt,Accessories,High-quality orange belt in size XXL. Perfect for everyday wear.,XXL,Orange,38,171.56,https://images.unsplash.com/photo-1500000000615?w=800&h=800&fit=crop
PROD00135,Orange Belt,Accessories,High-quality orange belt in size XL. Perfect for everyday wear.,XL,Orange,5,75.97,https://images.unsplash.com/photo-1500000000439?w=800&h=800&fit=crop
PROD00136,Beige Scarf,Accessories,High-quality beige scarf in size XS. Perfect for everyday wear.,XS,Beige,82,74.83,https://images.unsplash.com/photo-1500000000870?w=800&h=800&fit=crop
PROD00137,White Watch,Accessories,High-quality white watch in size L. Perfect for everyday wear.,L,White,55,192.55,https://images.unsplash.com/photo-1500000000651?w=800&h=800&fit=crop
PROD00138,Navy Watch,Accessories,High-quality navy watch in size XXL. Perfect for everyday wear.,XXL,Navy,55,43.47,https://images.unsplash.com/photo-1500000000535?w=800&h=800&fit=crop
PROD00139,Orange Scarf,Accessories,High-quality orange scarf in size XL. Perfect for everyday wear.,XL,Orange,68,157.18,https://images.unsplash.com/photo-1500000000477?w=800&h=800&fit=crop
PROD00140,Pink Watch,Accessories,High-quality pink watch in size XXL. Perfect for everyday wear.,XXL,Pink,34,71.24,https://images.unsplash.com/photo-1500000000252?w=800&h=800&fit=crop
PROD00141,Maroon Belt,Accessories,High-quality maroon belt in size M. Perfect for everyday wear.,M,Maroon,57,56.33,https://images.unsplash.com/photo-1500000000476?w=800&h=800&fit=crop
PROD00142,Green Hoodie,Sweaters,High-quality green hoodie in size XXL. Perfect for everyday wear.,XXL,Green,43,15.45,https://images.unsplash.com/photo-1500000000872?w=800&h=800&fit=crop
PROD00143,Brown Turtleneck,Sweaters,High-quality brown turtleneck in size S. Perfect for everyday wear.,S,Brown,27,77.42,https://images.unsplash.com/photo-1500000000265?w=800&h=800&fit=crop
PROD00144,Maroon Turtleneck,Sweaters,High-quality maroon turtleneck in size M. Perfect for everyday wear.,M,Maroon,76,143.22,https://images.unsplash.com/photo-1500000000283?w=800&h=800&fit=crop
PROD00145,Beige Hoodie,Sweaters,High-quality beige hoodie in size XS. Perfect for everyday wear.,XS,Beige,24,26.27,https://images.unsplash.com/photo-1500000000738?w=800&h=800&fit=crop
PROD00146,Beige V-Neck Sweater,Sweaters,High-quality beige v-neck sweater in size L. Perfect for everyday wear.,L,Beige,97,55.66,https://images.unsplash.com/photo-1500000000488?w=800&h=800&fit=crop
PROD00147,Orange V-Neck Sweater,Sweaters,High-quality orange v-neck sweater in size L. Perfect for everyday wear.,L,Orange,2,27.68,https://images.unsplash.com/photo-1500000000227?w=800&h=800&fit=crop
PROD00148,Gray V-Neck Sweater,Sweaters,High-quality gray v-neck sweater in size XXL. Perfect for everyday wear.,XXL,Gray,39,136.15,https://images.unsplash.com/photo-1500000000378?w=800&h=800&fit=crop
PROD00149,Beige V-Neck Sweater,Sweaters,High-quality beige v-neck sweater in size XL. Perfect for everyday wear.,XL,Beige,44,90.85,https://images.unsplash.com/photo-1500000000764?w=800&h=800&fit=crop
PROD00150,Blue Hoodie,Sweaters,High-quality blue hoodie in size M. Perfect for everyday wear.,M,Blue,89,96.21,https://images.unsplash.com/photo-1500000000314?w=800&h=800&fit=crop
PROD00151,White Turtleneck,Sweaters,High-quality white turtleneck in size S. Perfect for everyday wear.,S,White,92,46.59,https://images.unsplash.com/photo-1500000000123?w=800&h=800&fit=crop
PROD00152,Navy Hoodie,Sweaters,High-quality navy hoodie in size XXL. Perfect for everyday wear.,XXL,Navy,24,51.11,https://images.unsplash.com/photo-1500000000496?w=800&h=800&fit=crop
PROD00153,Pink Turtleneck,Sweaters,High-quality pink turtleneck in size XXL. Perfect for everyday wear.,XXL,Pink,97,109.68,https://images.unsplash.com/photo-1500000000290?w=800&h=800&fit=crop
PROD00154,Red Pullover Sweater,Sweaters,High-quality red pullover sweater in size S. Perfect for everyday wear.,S,Red,29,78.57,https://images.unsplash.com/photo-1500000000310?w=800&h=800&fit=crop
PROD00155,Beige Pullover Sweater,Sweaters,High-quality beige pullover sweater in size XXL. Perfect for everyday wear.,XXL,Beige,16,62.12,https://images.unsplash.com/photo-1500000000998?w=800&h=800&fit=crop
PROD00156,Red Pullover Sweater,Sweaters,High-quality red pullover sweater in size XL. Perfect for everyday wear.,XL,Red,89,189.38,https://images.unsplash.com/photo-1500000000654?w=800&h=800&fit=crop
PROD00157,Khaki V-Neck Sweater,Sweaters,High-quality khaki v-neck sweater in size XS. Perfect for everyday wear.,XS,Khaki,1,119.07,https://images.unsplash.com/photo-1500000000481?w=800&h=800&fit=crop
PROD00158,Blue V-Neck Sweater,Sweaters,High-quality blue v-neck sweater in size L. Perfect for everyday wear.,L,Blue,23,193.44,https://images.unsplash.com/photo-1500000000259?w=800&h=800&fit=crop
PROD00159,Khaki V-Neck Sweater,Sweaters,High-quality khaki v-neck sweater in size XS. Perfect for everyday wear.,XS,Khaki,8,86.13,https://images.unsplash.com/photo-1500000000076?w=800&h=800&fit=crop
PROD00160,Yellow Hoodie,Sweaters,High-quality yellow hoodie in size XXL. Perfect for everyday wear.,XXL,Yellow,6,38.83,https://images.unsplash.com/photo-1500000000831?w=800&h=800&fit=crop
PROD00161,White Hoodie,Sweaters,High-quality white hoodie in size M. Perfect for everyday wear.,M,White,31,32.51,https://images.unsplash.com/photo-1500000000783?w=800&h=800&fit=crop
PROD00162,Pink V-Neck Sweater,Sweaters,High-quality pink v-neck sweater in size XL. Perfect for everyday wear.,XL,Pink,79,52.88,https://images.unsplash.com/photo-1500000000536?w=800&h=800&fit=crop
PROD00163,Maroon V-Neck Sweater,Sweaters,High-quality maroon v-neck sweater in size L. Perfect for everyday wear.,L,Maroon,56,66.5,https://images.unsplash.com/photo-1500000000603?w=800&h=800&fit=crop
PROD00164,Pink V-Neck Sweater,Sweaters,High-quality pink v-neck sweater in size M. Perfect for everyday wear.,M,Pink,79,21.44,https://images.unsplash.com/photo-1500000000984?w=800&h=800&fit=crop
PROD00165,Yellow Pullover Sweater,Sweaters,High-quality yellow pullover sweater in size S. Perfect for everyday wear.,S,Yellow,27,60.28,https://images.unsplash.com/photo-1500000000084?w=800&h=800&fit=crop
PROD00166,Beige Chino Shorts,Shorts,High-quality beige chino shorts in size S. Perfect for everyday wear.,S,Beige,9,39.74,https://images.unsplash.com/photo-1500000000419?w=800&h=800&fit=crop
PROD00167,Pink Denim Shorts,Shorts,High-quality pink denim shorts in size XXL. Perfect for everyday wear.,XXL,Pink,60,65.34,https://images.unsplash.com/photo-1500000000238?w=800&h=800&fit=crop
PROD00168,Red Athletic Shorts,Shorts,High-quality red athletic shorts in size XXL. Perfect for everyday wear.,XXL,Red,89,173.33,https://images.unsplash.com/photo-1500000000073?w=800&h=800&fit=crop
PROD00169,Orange Chino Shorts,Shorts,High-quality orange chino shorts in size M. Perfect for everyday wear.,M,Orange,80,122.06,https://images.unsplash.com/photo-1500000000824?w=800&h=800&fit=crop
PROD00170,White Chino Shorts,Shorts,High-quality white chino shorts in size L. Perfect for everyday wear.,L,White,69,52.71,https://images.unsplash.com/photo-1500000000153?w=800&h=800&fit=crop
PROD00171,White Athletic Shorts,Shorts,High-quality white athletic shorts in size S. Perfect for everyday wear.,S,White,7,41.53,https://images.unsplash.com/photo-1500000000315?w=800&h=800&fit=crop
PROD00172,White Athletic Shorts,Shorts,High-quality white athletic shorts in size L. Perfect for everyday wear.,L,White,59,140.85,https://images.unsplash.com/photo-1500000000717?w=800&h=800&fit=crop
PROD00173,Beige Denim Shorts,Shorts,High-quality beige denim shorts in size M. Perfect for everyday wear.,M,Beige,69,103.82,https://images.unsplash.com/photo-1500000000083?w=800&h=800&fit=crop
PROD00174,Purple Cargo Shorts,Shorts,High-quality purple cargo shorts in size L. Perfect for everyday wear.,L,Purple,41,124.71,https://images.unsplash.com/photo-1500000000027?w=800&h=800&fit=crop
PROD00175,Yellow Cargo Shorts,Shorts,High-quality yellow cargo shorts in size S. Perfect for everyday wear.,S,Yellow,73,121.55,https://images.unsplash.com/photo-1500000000022?w=800&h=800&fit=crop
PROD00176,Black Athletic Shorts,Shorts,High-quality black athletic shorts in size XL. Perfect for everyday wear.,XL,Black,97,153.69,https://images.unsplash.com/photo-1500000000482?w=800&h=800&fit=crop
PROD00177,Navy Denim Shorts,Shorts,High-quality navy denim shorts in size M. Perfect for everyday wear.,M,Navy,74,92.82,https://images.unsplash.com/photo-1500000000834?w=800&h=800&fit=crop
PROD00178,Brown Denim Shorts,Shorts,High-quality brown denim shorts in size XS. Perfect for everyday wear.,XS,Brown,44,87.59,https://images.unsplash.com/photo-1500000000329?w=800&h=800&fit=crop
PROD00179,Blue Cargo Shorts,Shorts,High-quality blue cargo shorts in size S. Perfect for everyday wear.,S,Blue,52,141.8,https://images.unsplash.com/photo-1500000000296?w=800&h=800&fit=crop
PROD00180,Black Denim Shorts,Shorts,High-quality black denim shorts in size XL. Perfect for everyday wear.,XL,Black,58,26.73,https://images.unsplash.com/photo-1500000000259?w=800&h=800&fit=crop
PROD00181,Orange Athletic Shorts,Shorts,High-quality orange athletic shorts in size XS. Perfect for everyday wear.,XS,Orange,51,174.33,https://images.unsplash.com/photo-1500000000845?w=800&h=800&fit=crop
PROD00182,Khaki Cargo Shorts,Shorts,High-quality khaki cargo shorts in size XXL. Perfect for everyday wear.,XXL,Khaki,69,97.78,https://images.unsplash.com/photo-1500000000056?w=800&h=800&fit=crop
PROD00183,Blue Chino Shorts,Shorts,High-quality blue chino shorts in size XL. Perfect for everyday wear.,XL,Blue,79,153.72,https://images.unsplash.com/photo-1500000000641?w=800&h=800&fit=crop
PROD00184,Gray Denim Shorts,Shorts,High-quality gray denim shorts in size XS. Perfect for everyday wear.,XS,Gray,34,114.35,https://images.unsplash.com/photo-1500000000950?w=800&h=800&fit=crop
PROD00185,Maroon Athletic Shorts,Shorts,High-quality maroon athletic shorts in size L. Perfect for everyday wear.,L,Maroon,89,102.1,https://images.unsplash.com/photo-1500000000030?w=800&h=800&fit=crop
PROD00186,Navy Chino Shorts,Shorts,High-quality navy chino shorts in size XXL. Perfect for everyday wear.,XXL,Navy,39,114.66,https://images.unsplash.com/photo-1500000000566?w=800&h=800&fit=crop
PROD00187,Khaki A-Line Skirt,Skirts,High-quality khaki a-line skirt in size S. Perfect for everyday wear.,S,Khaki,14,97.68,https://images.unsplash.com/photo-1500000000121?w=800&h=800&fit=crop
PROD00188,Maroon Pencil Skirt,Skirts,High-quality maroon pencil skirt in size L. Perfect for everyday wear.,L,Maroon,91,65.45,https://images.unsplash.com/photo-1500000000723?w=800&h=800&fit=crop
PROD00189,Khaki Pleated Skirt,Skirts,High-quality khaki pleated skirt in size L. Perfect for everyday wear.,L,Khaki,61,196.25,https://images.unsplash.com/photo-1500000000250?w=800&h=800&fit=crop
PROD00190,Navy Mini Skirt,Skirts,High-quality navy mini skirt in size XL. Perfect for everyday wear.,XL,Navy,49,46.22,https://images.unsplash.com/photo-1500000000614?w=800&h=800&fit=crop
PROD00191,Red Pencil Skirt,Skirts,High-quality red pencil skirt in size XS. Perfect for everyday wear.,XS,Red,98,160.1,https://images.unsplash.com/photo-1500000000425?w=800&h=800&fit=crop
PROD00192,Red Pleated Skirt,Skirts,High-quality red pleated skirt in size XL. Perfect for everyday wear.,XL,Red,0,63.74,https://images.unsplash.com/photo-1500000000306?w=800&h=800&fit=crop
PROD00193,Brown Mini Skirt,Skirts,High-quality brown mini skirt in size S. Perfect for everyday wear.,S,Brown,68,102.02,https://images.unsplash.com/photo-1500000000341?w=800&h=800&fit=crop
PROD00194,Maroon Mini Skirt,Skirts,High-quality maroon mini skirt in size L. Perfect for everyday wear.,L,Maroon,41,175.22,https://images.unsplash.com/photo-1500000000715?w=800&h=800&fit=crop
PROD00195,Green Pencil Skirt,Skirts,High-quality green pencil skirt in size XL. Perfect for everyday wear.,XL,Green,29,172.64,https://images.unsplash.com/photo-1500000000421?w=800&h=800&fit=crop
PROD00196,Purple A-Line Skirt,Skirts,High-quality purple a-line skirt in size M. Perfect for everyday wear.,M,Purple,60,143.99,https://images.unsplash.com/photo-1500000000831?w=800&h=800&fit=crop
PROD00197,Yellow Mini Skirt,Skirts,High-quality yellow mini skirt in size L. Perfect for everyday wear.,L,Yellow,83,196.36,https://images.unsplash.com/photo-1500000000508?w=800&h=800&fit=crop
PROD00198,Beige A-Line Skirt,Skirts,High-quality beige a-line skirt in size S. Perfect for everyday wear.,S,Beige,75,73.08,https://images.unsplash.com/photo-1500000000103?w=800&h=800&fit=crop
PROD00199,Beige Mini Skirt,Skirts,High-quality beige mini skirt in size XS. Perfect for everyday wear.,XS,Beige,58,12.92,https://images.unsplash.com/photo-1500000000148?w=800&h=800&fit=crop
PROD00200,Navy Mini Skirt,Skirts,High-quality navy mini skirt in size XXL. Perfect for everyday wear.,XXL,Navy,9,99.2,https://images.unsplash.com/photo-1500000000993?w=800&h=800&fit=crop
PROD00201,Pink Pleated Skirt,Skirts,High-quality pink pleated skirt in size M. Perfect for everyday wear.,M,Pink,88,85.52,https://images.unsplash.com/photo-1500000000083?w=800&h=800&fit=crop
PROD00202,Khaki Pleated Skirt,Skirts,High-quality khaki pleated skirt in size XXL. Perfect for everyday wear.,XXL,Khaki,68,82.2,https://images.unsplash.com/photo-1500000000325?w=800&h=800&fit=crop
PROD00203,Black Mini Skirt,Skirts,High-quality black mini skirt in size XL. Perfect for everyday wear.,XL,Black,79,23.0,https://images.unsplash.com/photo-1500000000647?w=800&h=800&fit=crop
PROD00204,Purple Pleated Skirt,Skirts,High-quality purple pleated skirt in size S. Perfect for everyday wear.,S,Purple,11,92.45,https://images.unsplash.com/photo-1500000000101?w=800&h=800&fit=crop
PROD00205,Navy A-Line Skirt,Skirts,High-quality navy a-line skirt in size L. Perfect for everyday wear.,L,Navy,88,66.9,https://images.unsplash.com/photo-1500000000030?w=800&h=800&fit=crop
PROD00206,Orange A-Line Skirt,Skirts,High-quality orange a-line skirt in size M. Perfect for everyday wear.,M,Orange,7,65.74,https://images.unsplash.com/photo-1500000000384?w=800&h=800&fit=crop
PROD00207,Gray Mini Skirt,Skirts,High-quality gray mini skirt in size S. Perfect for everyday wear.,S,Gray,67,88.29,https://images.unsplash.com/photo-1500000000699?w=800&h=800&fit=crop
PROD00208,Navy Pencil Skirt,Skirts,High-quality navy pencil skirt in size S. Perfect for everyday wear.,S,Navy,10,125.8,https://images.unsplash.com/photo-1500000000392?w=800&h=800&fit=crop
PROD00209,Maroon Pencil Skirt,Skirts,High-quality maroon pencil skirt in size L. Perfect for everyday wear.,L,Maroon,74,37.19,https://images.unsplash.com/photo-1500000000473?w=800&h=800&fit=crop
PROD00210,Red Dress Pants,Pants,High-quality red dress pants in size L. Perfect for everyday wear.,L,Red,85,11.79,https://images.unsplash.com/photo-1500000000824?w=800&h=800&fit=crop
PROD00211,Yellow Joggers,Pants,High-quality yellow joggers in size M. Perfect for everyday wear.,M,Yellow,69,40.02,https://images.unsplash.com/photo-1500000000453?w=800&h=800&fit=crop
PROD00212,Red Dress Pants,Pants,High-quality red dress pants in size XL. Perfect for everyday wear.,XL,Red,81,192.79,https://images.unsplash.com/photo-1500000000707?w=800&h=800&fit=crop
PROD00213,Khaki Dress Pants,Pants,High-quality khaki dress pants in size L. Perfect for everyday wear.,L,Khaki,38,47.85,https://images.unsplash.com/photo-1500000000394?w=800&h=800&fit=crop
PROD00214,Gray Joggers,Pants,High-quality gray joggers in size XS. Perfect for everyday wear.,XS,Gray,48,118.67,https://images.unsplash.com/photo-1500000000589?w=800&h=800&fit=crop
PROD00215,Red Dress Pants,Pants,High-quality red dress pants in size XXL. Perfect for everyday wear.,XXL,Red,2,195.81,https://images.unsplash.com/photo-1500000000675?w=800&h=800&fit=crop
PROD00216,Black Joggers,Pants,High-quality black joggers in size M. Perfect for everyday wear.,M,Black,72,174.36,https://images.unsplash.com/photo-1500000000797?w=800&h=800&fit=crop
PROD00217,Purple Chinos,Pants,High-quality purple chinos in size XL. Perfect for everyday wear.,XL,Purple,63,168.24,https://images.unsplash.com/photo-1500000000925?w=800&h=800&fit=crop
PROD00218,Pink Dress Pants,Pants,High-quality pink dress pants in size S. Perfect for everyday wear.,S,Pink,45,51.61,https://images.unsplash.com/photo-1500000000195?w=800&h=800&fit=crop
PROD00219,Orange Dress Pants,Pants,High-quality orange dress pants in size XXL. Perfect for everyday wear.,XXL,Orange,92,155.82,https://images.unsplash.com/photo-1500000000698?w=800&h=800&fit=crop
PROD00220,White Cargo Pants,Pants,High-quality white cargo pants in size XXL. Perfect for everyday wear.,XXL,White,80,132.8,https://images.unsplash.com/photo-1500000000317?w=800&h=800&fit=crop
PROD00221,Pink Joggers,Pants,High-quality pink joggers in size XS. Perfect for everyday wear.,XS,Pink,46,149.15,https://images.unsplash.com/photo-1500000000093?w=800&h=800&fit=crop
PROD00222,Purple Dress Pants,Pants,High-quality purple dress pants in size M. Perfect for everyday wear.,M,Purple,53,43.37,https://images.unsplash.com/photo-1500000000136?w=800&h=800&fit=crop
PROD00223,Beige Dress Pants,Pants,High-quality beige dress pants in size XL. Perfect for everyday wear.,XL,Beige,34,167.79,https://images.unsplash.com/photo-1500000000264?w=800&h=800&fit=crop
PROD00224,Purple Joggers,Pants,High-quality purple joggers in size M. Perfect for everyday wear.,M,Purple,43,162.8,https://images.unsplash.com/photo-1500000000480?w=800&h=800&fit=crop
PROD00225,Orange Chinos,Pants,High-quality orange chinos in size S. Perfect for everyday wear.,S,Orange,28,173.43,https://images.unsplash.com/photo-1500000000742?w=800&h=800&fit=crop
PROD00226,Blue Joggers,Pants,High-quality blue joggers in size XL. Perfect for everyday wear.,XL,Blue,11,160.23,https://images.unsplash.com/photo-1500000000015?w=800&h=800&fit=crop
PROD00227,White Dress Pants,Pants,High-quality white dress pants in size XL. Perfect for everyday wear.,XL,White,58,80.03,https://images.unsplash.com/photo-1500000000767?w=800&h=800&fit=crop
PROD00228,Green Dress Pants,Pants,High-quality green dress pants in size XL. Perfect for everyday wear.,XL,Green,81,188.66,https://images.unsplash.com/photo-1500000000111?w=800&h=800&fit=crop
PROD00229,Black Cargo Pants,Pants,High-quality black cargo pants in size L. Perfect for everyday wear.,L,Black,79,178.0,https://images.unsplash.com/photo-1500000000575?w=800&h=800&fit=crop
PROD00230,Gray Dress Pants,Pants,High-quality gray dress pants in size XL. Perfect for everyday wear.,XL,Gray,82,22.01,https://images.unsplash.com/photo-1500000000844?w=800&h=800&fit=crop
PROD00231,Red Joggers,Pants,High-quality red joggers in size XXL. Perfect for everyday wear.,XXL,Red,83,87.58,https://images.unsplash.com/photo-1500000000144?w=800&h=800&fit=crop
PROD00232,Red Chinos,Pants,High-quality red chinos in size XS. Perfect for everyday wear.,XS,Red,63,32.06,https://images.unsplash.com/photo-1500000000241?w=800&h=800&fit=crop
PROD00233,Brown Cargo Pants,Pants,High-quality brown cargo pants in size L. Perfect for everyday wear.,L,Brown,47,137.39,https://images.unsplash.com/photo-1500000000761?w=800&h=800&fit=crop
PROD00234,Purple Joggers,Pants,High-quality purple joggers in size XL. Perfect for everyday wear.,XL,Purple,93,39.36,https://images.unsplash.com/photo-1500000000425?w=800&h=800&fit=crop
PROD00235,Pink Pullover Hoodie,Hoodies,High-quality pink pullover hoodie in size L. Perfect for everyday wear.,L,Pink,52,188.42,https://images.unsplash.com/photo-1500000000287?w=800&h=800&fit=crop
PROD00236,Blue Pullover Hoodie,Hoodies,High-quality blue pullover hoodie in size XXL. Perfect for everyday wear.,XXL,Blue,27,94.24,https://images.unsplash.com/photo-1500000000974?w=800&h=800&fit=crop
PROD00237,White Pullover Hoodie,Hoodies,High-quality white pullover hoodie in size M. Perfect for everyday wear.,M,White,87,79.79,https://images.unsplash.com/photo-1500000000924?w=800&h=800&fit=crop
PROD00238,Black Graphic Hoodie,Hoodies,High-quality black graphic hoodie in size M. Perfect for everyday wear.,M,Black,50,62.42,https://images.unsplash.com/photo-1500000000992?w=800&h=800&fit=crop
PROD00239,White Pullover Hoodie,Hoodies,High-quality white pullover hoodie in size L. Perfect for everyday wear.,L,White,84,50.3,https://images.unsplash.com/photo-1500000000655?w=800&h=800&fit=crop
PROD00240,Black Graphic Hoodie,Hoodies,High-quality black graphic hoodie in size XS. Perfect for everyday wear.,XS,Black,100,73.37,https://images.unsplash.com/photo-1500000000129?w=800&h=800&fit=crop
PROD00241,White Graphic Hoodie,Hoodies,High-quality white graphic hoodie in size S. Perfect for everyday wear.,S,White,97,115.3,https://images.unsplash.com/photo-1500000000601?w=800&h=800&fit=crop
PROD00242,Blue Pullover Hoodie,Hoodies,High-quality blue pullover hoodie in size S. Perfect for everyday wear.,S,Blue,99,38.04,https://images.unsplash.com/photo-1500000000923?w=800&h=800&fit=crop
PROD00243,Red Graphic Hoodie,Hoodies,High-quality red graphic hoodie in size XS. Perfect for everyday wear.,XS,Red,18,197.63,https://images.unsplash.com/photo-1500000000554?w=800&h=800&fit=crop
PROD00244,White Zip-Up Hoodie,Hoodies,High-quality white zip-up hoodie in size S. Perfect for everyday wear.,S,White,84,174.63,https://images.unsplash.com/photo-1500000000135?w=800&h=800&fit=crop
PROD00245,Orange Pullover Hoodie,Hoodies,High-quality orange pullover hoodie in size M. Perfect for everyday wear.,M,Orange,100,55.21,https://images.unsplash.com/photo-1500000000332?w=800&h=800&fit=crop
PROD00246,Red Pullover Hoodie,Hoodies,High-quality red pullover hoodie in size S. Perfect for everyday wear.,S,Red,6,34.08,https://images.unsplash.com/photo-1500000000432?w=800&h=800&fit=crop
PROD00247,Purple Graphic Hoodie,Hoodies,High-quality purple graphic hoodie in size XS. Perfect for everyday wear.,XS,Purple,8,100.49,https://images.unsplash.com/photo-1500000000797?w=800&h=800&fit=crop
PROD00248,Pink Zip-Up Hoodie,Hoodies,High-quality pink zip-up hoodie in size XL. Perfect for everyday wear.,XL,Pink,13,95.88,https://images.unsplash.com/photo-1500000000227?w=800&h=800&fit=crop
PROD00249,Purple Graphic Hoodie,Hoodies,High-quality purple graphic hoodie in size XS. Perfect for everyday wear.,XS,Purple,100,182.66,https://images.unsplash.com/photo-1500000000675?w=800&h=800&fit=crop
PROD00250,Brown Graphic Hoodie,Hoodies,High-quality brown graphic hoodie in size M. Perfect for everyday wear.,M,Brown,82,193.16,https://images.unsplash.com/photo-1500000000063?w=800&h=800&fit=crop
