user_id,name,surname,email,phone,created_at
USER00001,Jason,Ramirez,jason.ramirez@hotmail.com,+14946766309,2025-04-20 19:50:35
USER00002,Dorothy,Walker,dorothy.walker@gmail.com,+15862321353,2024-10-29 19:50:35
USER00003,Joshua,Martinez,joshua.martinez@gmail.com,+12541988748,2025-09-04 19:50:35
USER00004,Kenneth,Flores,kenneth.flores@outlook.com,+17930939207,2025-08-07 19:50:35
USER00005,Kimberly,Martin,kimberly.martin@hotmail.com,+18466292639,2025-02-17 19:50:35
USER00006,Michael,Campbell,michael.campbell@gmail.com,+19957684205,2025-10-01 19:50:35
USER00007,Deborah,Nguyen,deborah.nguyen@yahoo.com,+13847136322,2024-07-25 19:50:35
USER00008,Anthony,White,anthony.white@hotmail.com,+13712533097,2024-03-11 19:50:35
USER00009,Christopher,Robinson,christopher.robinson@outlook.com,+14856616537,2024-12-22 19:50:35
USER00010,Elizabeth,Rivera,elizabeth.rivera@hotmail.com,+12288335378,2024-03-01 19:50:35
USER00011,Jennifer,Robinson,jennifer.robinson@gmail.com,+19492952558,2024-12-20 19:50:35
USER00012,Stephanie,Rodriguez,stephanie.rodriguez@gmail.com,+18813815624,2025-07-02 19:50:35
USER00013,Emily,White,emily.white@gmail.com,+13764409657,2025-10-16 19:50:35
USER00014,Edward,Robinson,edward.robinson@gmail.com,+16159240421,2025-08-10 19:50:35
USER00015,Karen,Harris,karen.harris@gmail.com,+18777108428,2024-07-09 19:50:35
USER00016,Elizabeth,Hall,elizabeth.hall@hotmail.com,+17258091649,2024-03-24 19:50:35
USER00017,Daniel,Nguyen,daniel.nguyen@outlook.com,+16788395962,2024-09-15 19:50:35
USER00018,Andrew,Thomas,andrew.thomas@hotmail.com,+19924881085,2025-09-01 19:50:35
USER00019,Michelle,Rivera,michelle.rivera@gmail.com,+18910580535,2025-10-08 19:50:35
USER00020,Rebecca,Campbell,rebecca.campbell@outlook.com,+12124352982,2024-09-09 19:50:35
USER00021,Brian,Lee,brian.lee@outlook.com,+13507634128,2024-06-07 19:50:35
USER00022,Sharon,Martinez,sharon.martinez@hotmail.com,+12298867122,2025-09-13 19:50:35
USER00023,Mary,Garcia,mary.garcia@yahoo.com,+13615742667,2025-03-13 19:50:35
USER00024,Nancy,Hernandez,nancy.hernandez@outlook.com,+17633439592,2024-11-01 19:50:35
USER00025,Deborah,Hill,deborah.hill@gmail.com,+15793925798,2024-05-12 19:50:35
USER00026,David,Adams,david.adams@gmail.com,+14894673596,2024-09-08 19:50:35
USER00027,Mark,Hall,mark.hall@hotmail.com,+18380868447,2025-03-01 19:50:35
USER00028,Anthony,Jackson,anthony.jackson@yahoo.com,+19537423398,2024-03-30 19:50:35
USER00029,Daniel,Robinson,daniel.robinson@gmail.com,+17511501628,2025-10-29 19:50:35
USER00030,Donna,King,donna.king@outlook.com,+12195066088,2025-01-12 19:50:35
USER00031,Joshua,Brown,joshua.brown@gmail.com,+12877990647,2024-07-08 19:50:35
USER00032,Deborah,Rodriguez,deborah.rodriguez@outlook.com,+13243165953,2024-04-05 19:50:35
USER00033,James,King,james.king@hotmail.com,+12754603440,2024-12-28 19:50:35
USER00034,Paul,Mitchell,paul.mitchell@yahoo.com,+18443577707,2025-10-19 19:50:35
USER00035,Stephanie,Harris,stephanie.harris@gmail.com,+18000374978,2024-01-17 19:50:35
USER00036,Margaret,Johnson,margaret.johnson@hotmail.com,+15956362540,2024-10-20 19:50:35
USER00037,Andrew,Robinson,andrew.robinson@hotmail.com,+19342242121,2025-02-04 19:50:35
USER00038,Charles,Davis,charles.davis@hotmail.com,+16384545514,2024-11-01 19:50:35
USER00039,David,Adams,david.adams@hotmail.com,+19868491366,2024-12-09 19:50:35
USER00040,Jennifer,Robinson,jennifer.robinson@gmail.com,+13045036297,2025-07-30 19:50:35
USER00041,Betty,Scott,betty.scott@gmail.com,+17994772298,2024-10-17 19:50:35
USER00042,Melissa,White,melissa.white@yahoo.com,+17725486140,2024-05-25 19:50:35
USER00043,Robert,Wright,robert.wright@gmail.com,+18573897662,2024-06-20 19:50:35
USER00044,Deborah,Harris,deborah.harris@outlook.com,+19419036750,2025-09-25 19:50:35
USER00045,Timothy,Martinez,timothy.martinez@yahoo.com,+12441542090,2024-08-23 19:50:35
USER00046,Richard,Lopez,richard.lopez@yahoo.com,+19560067115,2025-10-06 19:50:35
USER00047,Robert,Lopez,robert.lopez@hotmail.com,+18287630556,2025-07-04 19:50:35
USER00048,Edward,Flores,edward.flores@hotmail.com,+19220413285,2025-07-05 19:50:35
USER00049,Carol,Nelson,carol.nelson@outlook.com,+14693878240,2024-05-07 19:50:35
USER00050,Mark,Jones,mark.jones@hotmail.com,+18194236458,2024-10-10 19:50:35
USER00051,Ronald,Jackson,ronald.jackson@gmail.com,+17806547619,2024-02-18 19:50:35
USER00052,Karen,Young,karen.young@hotmail.com,+12161521910,2024-12-16 19:50:35
USER00053,Rebecca,Martin,rebecca.martin@gmail.com,+19063788693,2024-03-06 19:50:35
USER00054,Michelle,Green,michelle.green@hotmail.com,+18282298735,2025-06-24 19:50:35
USER00055,Ronald,Roberts,ronald.roberts@gmail.com,+18226558827,2025-07-12 19:50:35
USER00056,Carol,Wilson,carol.wilson@outlook.com,+14598480273,2025-05-01 19:50:35
USER00057,Elizabeth,Brown,elizabeth.brown@hotmail.com,+16739504475,2024-11-20 19:50:35
USER00058,Dorothy,Garcia,dorothy.garcia@yahoo.com,+12168114160,2025-11-28 19:50:35
USER00059,Mark,Walker,mark.walker@yahoo.com,+13562929828,2024-09-19 19:50:35
USER00060,Matthew,Lewis,matthew.lewis@outlook.com,+19210810799,2024-01-27 19:50:35
USER00061,Ronald,Nelson,ronald.nelson@outlook.com,+12283089268,2024-03-10 19:50:35
USER00062,Emily,Rivera,emily.rivera@hotmail.com,+13220401982,2025-10-07 19:50:35
USER00063,Joshua,Martinez,joshua.martinez@outlook.com,+16645015649,2025-10-14 19:50:35
USER00064,Elizabeth,Harris,elizabeth.harris@outlook.com,+19294915885,2025-01-09 19:50:35
USER00065,William,Green,william.green@gmail.com,+17624611375,2024-12-24 19:50:35
USER00066,Carol,White,carol.white@yahoo.com,+19173095319,2025-11-05 19:50:35
USER00067,Kimberly,Garcia,kimberly.garcia@hotmail.com,+14183941426,2023-12-23 19:50:35
USER00068,Lisa,Lee,lisa.lee@yahoo.com,+16085241101,2024-11-18 19:50:35
USER00069,Deborah,King,deborah.king@yahoo.com,+17267962268,2024-04-23 19:50:35
USER00070,Elizabeth,Jones,elizabeth.jones@outlook.com,+19921759589,2024-03-17 19:50:35
USER00071,Steven,Torres,steven.torres@gmail.com,+14842964443,2025-08-28 19:50:35
USER00072,William,Green,william.green@hotmail.com,+12662510569,2024-06-07 19:50:35
USER00073,Rebecca,Campbell,rebecca.campbell@yahoo.com,+15097457395,2024-01-18 19:50:35
USER00074,Anthony,Sanchez,anthony.sanchez@yahoo.com,+16164351345,2025-08-21 19:50:35
USER00075,Charles,Roberts,charles.roberts@hotmail.com,+17300002292,2024-08-05 19:50:35
USER00076,Karen,Allen,karen.allen@yahoo.com,+17874832173,2025-07-11 19:50:35
USER00077,Mark,Young,mark.young@outlook.com,+15342017284,2025-05-02 19:50:35
USER00078,Kimberly,Lewis,kimberly.lewis@yahoo.com,+15508521152,2025-08-15 19:50:35
USER00079,William,Moore,william.moore@gmail.com,+14753842979,2024-12-19 19:50:35
USER00080,Emily,Miller,emily.miller@gmail.com,+13224336336,2024-05-17 19:50:35
USER00081,Sarah,Walker,sarah.walker@yahoo.com,+15569318475,2024-03-07 19:50:35
USER00082,Joseph,Walker,joseph.walker@outlook.com,+15996346509,2025-02-01 19:50:35
USER00083,Patricia,Ramirez,patricia.ramirez@outlook.com,+13012659111,2024-02-26 19:50:35
USER00084,Lisa,Thomas,lisa.thomas@gmail.com,+17663708387,2024-03-15 19:50:35
USER00085,Rebecca,Mitchell,rebecca.mitchell@outlook.com,+15398953973,2024-04-23 19:50:35
USER00086,John,Martin,john.martin@hotmail.com,+19284573707,2024-04-25 19:50:35
USER00087,Edward,Mitchell,edward.mitchell@hotmail.com,+18221695965,2023-12-10 19:50:35
USER00088,Jennifer,Johnson,jennifer.johnson@outlook.com,+17221197357,2024-05-06 19:50:35
USER00089,Emily,Carter,emily.carter@hotmail.com,+16772511222,2024-09-25 19:50:35
USER00090,Jessica,Lee,jessica.lee@gmail.com,+12205082311,2025-02-06 19:50:35
USER00091,Kenneth,Adams,kenneth.adams@hotmail.com,+12269754673,2025-04-29 19:50:35
USER00092,Joshua,Torres,joshua.torres@gmail.com,+19009193098,2025-07-15 19:50:35
USER00093,Jessica,Mitchell,jessica.mitchell@yahoo.com,+13251003660,2023-12-06 19:50:35
USER00094,Michelle,Harris,michelle.harris@yahoo.com,+14450982005,2024-06-13 19:50:35
USER00095,Kevin,Hall,kevin.hall@gmail.com,+18543316330,2024-12-08 19:50:35
USER00096,Robert,Scott,robert.scott@gmail.com,+17971953309,2025-03-30 19:50:35
USER00097,John,Nelson,john.nelson@hotmail.com,+16213532237,2024-08-20 19:50:35
USER00098,Melissa,Johnson,melissa.johnson@outlook.com,+15386667704,2024-11-22 19:50:35
USER00099,Jessica,Carter,jessica.carter@gmail.com,+19608540461,2024-11-09 19:50:35
USER00100,William,Williams,william.williams@outlook.com,+14345111169,2025-09-23 19:50:35
USER00101,Barbara,Rivera,barbara.rivera@hotmail.com,+18350243038,2024-06-08 19:50:35
USER00102,Stephanie,Rodriguez,stephanie.rodriguez@gmail.com,+19370357395,2025-03-17 19:50:35
USER00103,John,Martin,john.martin@yahoo.com,+16483113814,2024-06-26 19:50:35
USER00104,John,Thompson,john.thompson@outlook.com,+14213555655,2025-06-13 19:50:35
USER00105,Donald,Moore,donald.moore@gmail.com,+19530327155,2024-06-17 19:50:35
USER00106,Charles,Harris,charles.harris@gmail.com,+13425605673,2024-04-10 19:50:35
USER00107,Stephanie,Sanchez,stephanie.sanchez@hotmail.com,+15820315488,2025-02-27 19:50:35
USER00108,Matthew,White,matthew.white@yahoo.com,+18426143929,2025-04-27 19:50:35
USER00109,Lisa,Scott,lisa.scott@outlook.com,+15440904834,2025-02-11 19:50:35
USER00110,Jennifer,Robinson,jennifer.robinson@yahoo.com,+14342794700,2024-10-28 19:50:35
USER00111,Michael,Garcia,michael.garcia@outlook.com,+14838626452,2024-10-13 19:50:35
USER00112,Mark,Green,mark.green@hotmail.com,+17010701123,2025-03-03 19:50:35
USER00113,Daniel,Walker,daniel.walker@gmail.com,+19416611351,2024-11-30 19:50:35
USER00114,Michelle,Robinson,michelle.robinson@outlook.com,+19041467069,2024-02-01 19:50:35
USER00115,Robert,Hall,robert.hall@hotmail.com,+17855376735,2025-10-30 19:50:35
USER00116,David,Johnson,david.johnson@yahoo.com,+19939974220,2025-10-29 19:50:35
USER00117,Ronald,Walker,ronald.walker@gmail.com,+12542153826,2024-08-02 19:50:35
USER00118,Deborah,Baker,deborah.baker@outlook.com,+13555424924,2025-07-07 19:50:35
USER00119,John,Green,john.green@yahoo.com,+14916549321,2024-12-18 19:50:35
USER00120,Lisa,Walker,lisa.walker@gmail.com,+14464975279,2025-05-30 19:50:35
USER00121,Lisa,Ramirez,lisa.ramirez@outlook.com,+14789842140,2024-08-16 19:50:35
USER00122,Linda,Johnson,linda.johnson@yahoo.com,+18438344792,2025-01-04 19:50:35
USER00123,Emily,Davis,emily.davis@outlook.com,+15328447109,2025-11-24 19:50:35
USER00124,Mark,Anderson,mark.anderson@outlook.com,+19275591455,2025-04-20 19:50:35
USER00125,Richard,Davis,richard.davis@yahoo.com,+15662861038,2025-03-11 19:50:35
USER00126,Barbara,Mitchell,barbara.mitchell@hotmail.com,+16283209430,2025-11-02 19:50:35
USER00127,Jason,Thompson,jason.thompson@outlook.com,+15047453184,2025-06-20 19:50:35
USER00128,Paul,Martin,paul.martin@outlook.com,+15656572173,2025-12-02 19:50:35
USER00129,Dorothy,Campbell,dorothy.campbell@yahoo.com,+15408900003,2025-05-08 19:50:35
USER00130,Joseph,Davis,joseph.davis@yahoo.com,+15401896171,2024-08-03 19:50:35
USER00131,Ronald,King,ronald.king@gmail.com,+17845006067,2025-07-13 19:50:35
USER00132,Lisa,Young,lisa.young@yahoo.com,+18923265476,2024-03-02 19:50:35
USER00133,Robert,Lee,robert.lee@hotmail.com,+15087521674,2025-05-26 19:50:35
USER00134,Anthony,Lewis,anthony.lewis@gmail.com,+16833241714,2024-10-24 19:50:35
USER00135,Carol,Jones,carol.jones@hotmail.com,+18295705649,2025-05-17 19:50:35
USER00136,Daniel,Rodriguez,daniel.rodriguez@yahoo.com,+19592564304,2024-04-15 19:50:35
USER00137,Margaret,Wright,margaret.wright@gmail.com,+15570796341,2025-05-18 19:50:35
USER00138,Elizabeth,Lee,elizabeth.lee@yahoo.com,+12695642802,2025-11-30 19:50:35
USER00139,Joseph,Harris,joseph.harris@outlook.com,+15633257620,2024-08-17 19:50:35
USER00140,Richard,Nelson,richard.nelson@outlook.com,+16832569603,2024-10-10 19:50:35
USER00141,Michelle,Torres,michelle.torres@gmail.com,+18453502525,2024-05-25 19:50:35
USER00142,Donna,Flores,donna.flores@yahoo.com,+17030268365,2025-09-04 19:50:35
USER00143,George,Green,george.green@outlook.com,+19913606108,2025-07-04 19:50:35
USER00144,John,Johnson,john.johnson@gmail.com,+16490224249,2025-09-21 19:50:35
USER00145,Deborah,Hill,deborah.hill@outlook.com,+14796581976,2025-07-12 19:50:35
USER00146,Anthony,Adams,anthony.adams@gmail.com,+18434024458,2025-09-07 19:50:35
USER00147,Paul,Martin,paul.martin@outlook.com,+14074232200,2025-11-05 19:50:35
USER00148,Betty,Lee,betty.lee@hotmail.com,+16608384034,2024-02-04 19:50:35
USER00149,David,Walker,david.walker@hotmail.com,+14079842771,2024-06-30 19:50:35
USER00150,Nancy,Green,nancy.green@yahoo.com,+17637498895,2024-10-26 19:50:35
USER00151,George,Harris,george.harris@hotmail.com,+16856603632,2024-12-18 19:50:35
USER00152,Steven,Nguyen,steven.nguyen@gmail.com,+13370592316,2025-03-26 19:50:35
USER00153,Linda,Jackson,linda.jackson@hotmail.com,+13064803502,2024-03-13 19:50:35
USER00154,Patricia,Martin,patricia.martin@hotmail.com,+13795875043,2024-05-16 19:50:35
USER00155,Timothy,Thompson,timothy.thompson@outlook.com,+17110298546,2024-05-16 19:50:35
USER00156,Ashley,Wright,ashley.wright@hotmail.com,+18437123912,2024-10-15 19:50:35
USER00157,Ashley,Johnson,ashley.johnson@gmail.com,+16059743975,2025-05-05 19:50:35
USER00158,Sandra,Taylor,sandra.taylor@yahoo.com,+14505443885,2024-01-23 19:50:35
USER00159,Patricia,Martin,patricia.martin@hotmail.com,+18861290879,2025-10-04 19:50:35
USER00160,Amanda,Allen,amanda.allen@outlook.com,+14305069227,2024-03-24 19:50:35
USER00161,Margaret,Rodriguez,margaret.rodriguez@outlook.com,+15124623359,2025-01-20 19:50:35
USER00162,Lisa,Williams,lisa.williams@hotmail.com,+16514687893,2025-07-02 19:50:35
USER00163,Richard,Sanchez,richard.sanchez@outlook.com,+12315816454,2025-05-04 19:50:35
USER00164,Mark,Nguyen,mark.nguyen@outlook.com,+19839652411,2025-09-03 19:50:35
USER00165,Amanda,Adams,amanda.adams@gmail.com,+16847572330,2024-03-13 19:50:35
USER00166,Betty,Sanchez,betty.sanchez@outlook.com,+18690836776,2024-12-13 19:50:35
USER00167,Edward,Martinez,edward.martinez@yahoo.com,+18882525977,2025-01-19 19:50:35
USER00168,Steven,Williams,steven.williams@gmail.com,+12167134213,2024-11-10 19:50:35
USER00169,Stephanie,Allen,stephanie.allen@hotmail.com,+16934662569,2025-05-15 19:50:35
USER00170,William,Thompson,william.thompson@outlook.com,+12697940975,2025-08-27 19:50:35
USER00171,Melissa,Lee,melissa.lee@outlook.com,+18473868567,2025-05-09 19:50:35
USER00172,Paul,King,paul.king@outlook.com,+18334615466,2023-12-22 19:50:35
USER00173,Lisa,White,lisa.white@gmail.com,+16208630005,2025-07-24 19:50:35
USER00174,Karen,Carter,karen.carter@gmail.com,+14563707272,2024-09-01 19:50:35
USER00175,Carol,Flores,carol.flores@yahoo.com,+15098389895,2025-07-24 19:50:35
USER00176,Donald,Hernandez,donald.hernandez@hotmail.com,+16929659132,2025-11-01 19:50:35
USER00177,Jessica,Williams,jessica.williams@gmail.com,+12819412471,2025-02-28 19:50:35
USER00178,Christopher,Lewis,christopher.lewis@yahoo.com,+18068617466,2024-06-30 19:50:35
USER00179,Anthony,Wright,anthony.wright@hotmail.com,+19455364317,2024-02-06 19:50:35
USER00180,Dorothy,Rodriguez,dorothy.rodriguez@yahoo.com,+14408990341,2025-10-13 19:50:35
USER00181,Donald,Scott,donald.scott@hotmail.com,+17642524416,2024-05-30 19:50:35
USER00182,Sandra,Torres,sandra.torres@outlook.com,+14346225613,2025-10-27 19:50:35
USER00183,Deborah,Carter,deborah.carter@outlook.com,+14620258967,2024-06-18 19:50:35
USER00184,Jessica,Jackson,jessica.jackson@outlook.com,+17260763849,2024-10-04 19:50:35
USER00185,Deborah,Martin,deborah.martin@yahoo.com,+19259525141,2025-04-18 19:50:35
USER00186,Christopher,Allen,christopher.allen@outlook.com,+18702243161,2024-09-10 19:50:35
USER00187,Charles,Davis,charles.davis@hotmail.com,+17989471267,2024-11-22 19:50:35
USER00188,Deborah,Martinez,deborah.martinez@outlook.com,+12180674181,2024-02-23 19:50:35
USER00189,Daniel,Walker,daniel.walker@outlook.com,+15209794402,2024-07-11 19:50:35
USER00190,Richard,Torres,richard.torres@outlook.com,+14990032969,2024-04-23 19:50:35
USER00191,Michael,Adams,michael.adams@yahoo.com,+13041349374,2025-10-20 19:50:35
USER00192,Kimberly,Thomas,kimberly.thomas@yahoo.com,+12225447588,2025-01-31 19:50:35
USER00193,Nancy,Mitchell,nancy.mitchell@hotmail.com,+16726804371,2024-04-23 19:50:35
USER00194,James,Nguyen,james.nguyen@yahoo.com,+18042621498,2025-04-05 19:50:35
USER00195,Donald,Baker,donald.baker@yahoo.com,+19541580565,2024-09-24 19:50:35
USER00196,Christopher,Martin,christopher.martin@gmail.com,+16679198144,2025-07-14 19:50:35
USER00197,Joseph,Torres,joseph.torres@gmail.com,+12751897503,2024-06-02 19:50:35
USER00198,John,Ramirez,john.ramirez@hotmail.com,+17095169638,2024-09-26 19:50:35
USER00199,John,Smith,john.smith@outlook.com,+18734344941,2024-03-23 19:50:35
USER00200,Nancy,Martin,nancy.martin@hotmail.com,+18628425108,2025-04-23 19:50:35
USER00201,William,Wright,william.wright@hotmail.com,+13171826349,2024-03-29 19:50:35
USER00202,Nancy,Hernandez,nancy.hernandez@hotmail.com,+14784364341,2024-06-12 19:50:35
USER00203,James,Roberts,james.roberts@outlook.com,+15396321272,2025-07-08 19:50:35
USER00204,Amanda,Wilson,amanda.wilson@yahoo.com,+18918996883,2025-09-19 19:50:35
USER00205,Betty,Robinson,betty.robinson@outlook.com,+12372535899,2025-10-20 19:50:35
USER00206,Michael,Lopez,michael.lopez@yahoo.com,+14050649750,2024-08-15 19:50:35
USER00207,James,Moore,james.moore@hotmail.com,+13011556076,2024-09-03 19:50:35
USER00208,Nancy,Lee,nancy.lee@gmail.com,+17418329529,2024-12-07 19:50:35
USER00209,Brian,Taylor,brian.taylor@gmail.com,+14868119543,2025-03-25 19:50:35
USER00210,Karen,Hernandez,karen.hernandez@hotmail.com,+19241631065,2025-11-24 19:50:35
USER00211,Deborah,Lee,deborah.lee@gmail.com,+19038211539,2024-10-02 19:50:35
USER00212,Lisa,Adams,lisa.adams@yahoo.com,+17236117459,2024-04-19 19:50:35
USER00213,Donald,Martinez,donald.martinez@hotmail.com,+19506463967,2025-08-16 19:50:35
USER00214,Lisa,Lewis,lisa.lewis@hotmail.com,+19547763018,2025-10-15 19:50:35
USER00215,Timothy,Anderson,timothy.anderson@yahoo.com,+19217013569,2025-08-06 19:50:35
USER00216,Sharon,Garcia,sharon.garcia@hotmail.com,+18563453572,2024-12-09 19:50:35
USER00217,Robert,Hill,robert.hill@gmail.com,+16560216095,2025-06-17 19:50:35
USER00218,Steven,Wilson,steven.wilson@yahoo.com,+12706681697,2025-05-20 19:50:35
USER00219,Mark,Davis,mark.davis@yahoo.com,+19374106509,2025-04-18 19:50:35
USER00220,Jennifer,Wright,jennifer.wright@hotmail.com,+15473306055,2025-03-13 19:50:35
USER00221,William,Wright,william.wright@hotmail.com,+18256901806,2024-02-02 19:50:35
USER00222,Emily,Young,emily.young@outlook.com,+15106464319,2025-01-13 19:50:35
USER00223,Thomas,Smith,thomas.smith@yahoo.com,+14483827971,2024-01-20 19:50:35
USER00224,Margaret,Harris,margaret.harris@gmail.com,+18619246832,2024-02-04 19:50:35
USER00225,Robert,Allen,robert.allen@gmail.com,+13233045201,2024-06-06 19:50:35
USER00226,Deborah,Rodriguez,deborah.rodriguez@hotmail.com,+17903264703,2024-12-30 19:50:35
USER00227,Mark,Clark,mark.clark@hotmail.com,+16639638390,2025-10-12 19:50:35
USER00228,Sharon,Torres,sharon.torres@yahoo.com,+19101874857,2024-11-25 19:50:35
USER00229,Linda,Lopez,linda.lopez@hotmail.com,+14271361431,2024-07-20 19:50:35
USER00230,Rebecca,Smith,rebecca.smith@gmail.com,+16202585492,2025-03-23 19:50:35
USER00231,Amanda,Carter,amanda.carter@hotmail.com,+14284637470,2024-07-27 19:50:35
USER00232,Jessica,Young,jessica.young@outlook.com,+12666241244,2024-06-15 19:50:35
USER00233,George,Davis,george.davis@gmail.com,+19771649608,2025-02-06 19:50:35
USER00234,Michelle,Johnson,michelle.johnson@yahoo.com,+12885113834,2024-03-17 19:50:35
USER00235,Joshua,Williams,joshua.williams@hotmail.com,+18862433863,2025-11-24 19:50:35
USER00236,Sharon,Brown,sharon.brown@yahoo.com,+15180599722,2025-01-19 19:50:35
USER00237,Mark,Thomas,mark.thomas@yahoo.com,+19535029237,2024-01-31 19:50:35
USER00238,William,Wright,william.wright@outlook.com,+17300683359,2025-07-16 19:50:35
USER00239,Christopher,Hill,christopher.hill@outlook.com,+13017495081,2024-04-29 19:50:35
USER00240,Kevin,Scott,kevin.scott@yahoo.com,+13776227561,2024-09-11 19:50:35
USER00241,Patricia,Nguyen,patricia.nguyen@yahoo.com,+18983587346,2025-02-14 19:50:35
USER00242,Emily,King,emily.king@gmail.com,+16175954779,2025-09-23 19:50:35
USER00243,Kevin,Clark,kevin.clark@outlook.com,+14990621826,2025-01-26 19:50:35
USER00244,Elizabeth,Lee,elizabeth.lee@hotmail.com,+17084721488,2025-06-07 19:50:35
USER00245,Donald,Taylor,donald.taylor@yahoo.com,+17586620353,2025-11-28 19:50:35
USER00246,Elizabeth,Young,elizabeth.young@gmail.com,+14415429277,2025-02-03 19:50:35
USER00247,Emily,Scott,emily.scott@yahoo.com,+13668247132,2024-08-22 19:50:35
USER00248,Susan,White,susan.white@gmail.com,+15960930968,2024-12-18 19:50:35
USER00249,Jennifer,Torres,jennifer.torres@yahoo.com,+12221348142,2024-12-25 19:50:35
USER00250,Amanda,Green,amanda.green@gmail.com,+15752171298,2024-06-14 19:50:35
